INSERT INTO `version` (`app_ver`, `XmdsVersion`, `XlfVersion`, `DBVersion`) VALUES
('1.6.4', 3, 1, 72);

INSERT INTO `group` (`groupID`, `group`, `IsUserSpecific`, `IsEveryone`) VALUES
(1, 'Users', 0, 0),
(2, 'Everyone', 0, 1),
(3, 'xibo_admin', 1, 0);

INSERT INTO `help` (`HelpID`, `Topic`, `Category`, `Link`) VALUES
(1, 'Layout', 'General', 'manual/single.php?p=layout/overview'),
(2, 'Content', 'General', 'manual/single.php?p=content/overview'),
(4, 'Schedule', 'General', 'manual/single.php?p=schedule/overview'),
(5, 'Group', 'General', 'manual/single.php?p=users/groups'),
(6, 'Admin', 'General', 'manual/single.php?p=admin/settings'),
(7, 'Report', 'General', 'manual/single.php?p=admin/advanced'),
(8, 'Dashboard', 'General', 'manual/single.php?p=coreconcepts/dashboard'),
(9, 'User', 'General', 'manual/single.php?p=users/users'),
(10, 'Display', 'General', 'manual/single.php?p=admin/displays'),
(11, 'DisplayGroup', 'General', 'manual/single.php?p=admin/displaygroups'),
(12, 'Layout', 'Add', 'manual/single.php?p=layout/overview#Add_Layout'),
(13, 'Layout', 'Background', 'manual/single.php?p=layout/layoutdesigner#Background'),
(14, 'Content', 'Assign', 'manual/single.php?p=layout/assigncontent#Assigning_Content'),
(15, 'Layout', 'RegionOptions', 'manual/single.php?p=layout/assigncontent'),
(16, 'Content', 'AddtoLibrary', 'manual/single.php?p=content/adding'),
(17, 'Display', 'Edit', 'manual/single.php?p=admin/displays#Display_Edit'),
(18, 'Display', 'Delete', 'manual/single.php?p=admin/displays#Display_Delete'),
(19, 'Displays', 'Groups', 'manual/single.php?p=admin/displaygroups#Group_Members'),
(20, 'UserGroup', 'Add', 'manual/single.php?p=users/groups#Adding_Group'),
(21, 'User', 'Add', 'manual/single.php?p=users/users#Add_User'),
(22, 'User', 'Delete', 'manual/single.php?p=users/users#Delete_User'),
(23, 'Content', 'Config', 'manual/single.php?p=admin/settings#Content'),
(24, 'LayoutMedia', 'Permissions', 'manual/single.php?p=users/user_permissions'),
(25, 'Region', 'Permissions', 'manual/single.php?p=users/user_permissions'),
(26, 'Library', 'Assign', 'manual/single.php?p=layout/assigncontent#Add_From_Library'),
(27, 'Media', 'Delete', 'manual/single.php?p=content/deleting'),
(28, 'DisplayGroup', 'Add', 'manual/single.php?p=admin/displaygroups#Add_Group'),
(29, 'DisplayGroup', 'Edit', 'manual/single.php?p=admin/displaygroups#Edit_Group'),
(30, 'DisplayGroup', 'Delete', 'manual/single.php?p=admin/displaygroups#Delete_Group'),
(31, 'DisplayGroup', 'Members', 'manual/single.php?p=admin/displaygroups#Group_Members'),
(32, 'DisplayGroup', 'Permissions', 'manual/single.php?p=users/user_permissions'),
(34, 'Schedule', 'ScheduleNow', 'manual/single.php?p=schedule/schedule_now'),
(35, 'Layout', 'Delete', 'manual/single.php?p=layout/overview#Delete_Layout'),
(36, 'Layout', 'Copy', 'manual/single.php?p=layout/overview#Copy_Layout'),
(37, 'Schedule', 'Edit', 'manual/single.php?p=schedule/schedule_event'),
(38, 'Schedule', 'Add', 'manual/single.php?p=schedule/schedule_event'),
(39, 'Layout', 'Permissions', 'manual/single.php?p=users/user_permissions'),
(40, 'Display', 'MediaInventory', 'manual/single.php?p=admin/displays#Media_Inventory'),
(41, 'User', 'ChangePassword', 'manual/single.php?p=coreconcepts/navbar#Change_Password'),
(42, 'Schedule', 'Delete', 'manual/single.php?p=schedule/schedule_event'),
(43, 'Layout', 'Edit', 'manual/single.php?p=layout/overview#Edit_Layout'),
(44, 'Media', 'Permissions', 'manual/single.php?p=users/user_permissions'),
(45, 'Display', 'DefaultLayout', 'manual/single.php?p=admin/displays'),
(46, 'UserGroup', 'Edit', 'manual/single.php?p=users/groups#Edit_Group'),
(47, 'UserGroup', 'Members', 'manual/single.php?p=users/groups#Group_Member'),
(48, 'User', 'PageSecurity', 'manual/single.php?p=users/menu_page_security#Page_Security'),
(49, 'User', 'MenuSecurity', 'manual/single.php?p=users/menu_page_security#Menu_Security'),
(50, 'UserGroup', 'Delete', 'manual/single.php?p=users/groups#Delete_Group'),
(51, 'User', 'Edit', 'manual/single.php?p=users/users#Edit_User'),
(52, 'User', 'Applications', 'manual/single.php?p=users/users#Users_MyApplications'),
(53, 'User', 'SetHomepage', 'manual/single.php?p=coreconcepts/dashboard#Media_Dashboard'),
(54, 'DataSet', 'General', 'manual/single.php?p=content/content_dataset'),
(55, 'DataSet', 'Add', 'manual/single.php?p=content/content_dataset#Create_Dataset'),
(56, 'DataSet', 'Edit', 'manual/single.php?p=content/content_dataset#Edit_Dataset'),
(57, 'DataSet', 'Delete', 'manual/single.php?p=content/content_dataset#Delete_Dataset'),
(58, 'DataSet', 'AddColumn', 'manual/single.php?p=content/content_dataset#Dataset_Column'),
(59, 'DataSet', 'EditColumn', 'manual/single.php?p=content/content_dataset#Dataset_Column'),
(60, 'DataSet', 'DeleteColumn', 'manual/single.php?p=content/content_dataset#Dataset_Column'),
(61, 'DataSet', 'Data', 'manual/single.php?p=content/content_dataset#Dataset_Row'),
(62, 'DataSet', 'Permissions', 'manual/single.php?p=users/user_permissions'),
(63, 'Fault', 'General', 'manual/single.php?p=admin/advanced#Report_Fault'),
(65, 'Stats', 'General', 'manual/single.php?p=admin/displaystats'),
(66, 'Resolution', 'General', 'manual/single.php?p=templates/template_resolution'),
(67, 'Template', 'General', 'manual/single.php?p=templates/overview'),
(68, 'Services', 'Register', 'manual/single.php?p=admin/api_oauth#Registered_Applications'),
(69, 'OAuth', 'General', 'manual/single.php?p=admin/api_oauth'),
(70, 'Services', 'Log', 'manual/single.php?p=admin/api_oauth#oAuthLog'),
(71, 'Module', 'Edit', 'manual/single.php?p=admin/modules'),
(72, 'Module', 'General', 'manual/single.php?p=admin/modules'),
(73, 'Campaign', 'General', 'manual/single.php?p=layout/campaign_layout'),
(74, 'License', 'General', 'manual/single.php?p=license/licenses'),
(75, 'DataSet', 'ViewColumns', 'manual/single.php?p=content/content_dataset#Dataset_Column'),
(76, 'Campaign', 'Permissions', 'manual/single.php?p=users/user_permissions'),
(77, 'Transition', 'Edit', 'manual/single.php?p=layout/transitions'),
(78, 'User', 'SetPassword', 'manual/single.php?p=users/users#Set_Password'),
(79, 'DataSet', 'ImportCSV', 'manual/single.php?p=content/content_dataset#Import_CSV'),
(80, 'DisplayGroup', 'FileAssociations', 'manual/single.php?p=admin/fileassociations'),
(81, 'Statusdashboard', 'General', 'manual/single.php?p=coreconcepts/dashboard#Status_Dashboard');

INSERT INTO `menu` (`MenuID`, `Menu`) VALUES
(8, 'Administration Menu'),
(9, 'Advanced Menu'),
(2, 'Dashboard'),
(6, 'Design Menu'),
(7, 'Display Menu'),
(5, 'Library Menu'),
(1, 'Top Nav');

INSERT INTO `module` (`ModuleID`, `Module`, `Name`, `Enabled`, `RegionSpecific`, `Description`, `ImageUri`, `SchemaVersion`, `ValidExtensions`, `PreviewEnabled`, `assignable`) VALUES
(1, 'Image', 'Image', 1, 0, 'Images. PNG, JPG, BMP, GIF', 'forms/image.gif', 1, 'jpg,jpeg,png,bmp,gif', 1, 1),
(2, 'Video', 'Video', 1, 0, 'Videos - support varies depending on the client hardware you are using.', 'forms/video.gif', 1, 'wmv,avi,mpg,mpeg,webm,mp4', 1, 1),
(3, 'Flash', 'Flash', 1, 0, 'Flash', 'forms/flash.gif', 1, 'swf', 1, 1),
(4, 'PowerPoint', 'PowerPoint', 1, 0, 'Powerpoint. PPT, PPS', 'forms/powerpoint.gif', 1, 'ppt,pps,pptx', 1, 1),
(5, 'Webpage', 'Webpage', 1, 1, 'Webpages.', 'forms/webpage.gif', 1, NULL, 1, 1),
(6, 'Ticker', 'Ticker', 1, 1, 'RSS Ticker.', 'forms/ticker.gif', 1, NULL, 1, 1),
(7, 'Text', 'Text', 1, 1, 'Text. With Directional Controls.', 'forms/text.gif', 1, NULL, 1, 1),
(8, 'Embedded', 'Embedded', 1, 1, 'Embedded HTML', 'forms/webpage.gif', 1, NULL, 1, 1),
(9, 'MicroBlog', 'MicroBlog', 0, 1, NULL, 'forms/microblog.gif', 1, NULL, 1, 1),
(10, 'Counter', 'Counter', 0, 1, 'Customer Counter connected to a Remote Control', 'forms/counter.gif', 1, NULL, 1, 1),
(11, 'datasetview', 'Data Set', 1, 1, 'A view on a DataSet', 'forms/datasetview.gif', 1, NULL, 1, 1),
(12, 'shellcommand', 'Shell Command', 1, 1, 'Execute a shell command on the client', 'forms/shellcommand.gif', 1, NULL, 1, 1),
(13, 'localvideo', 'Local Video', 0, 1, 'Play a video locally stored on the client', 'forms/video.gif', 1, NULL, 1, 1),
(14, 'genericfile', 'Generic File', 1, 0, 'A generic file to be stored in the library', 'forms/library.gif', 1, 'apk,js,html,htm', 0, 0);

INSERT INTO `pagegroup` (`pagegroupID`, `pagegroup`) VALUES
(1, 'Schedule'),
(2, 'Homepage and Login'),
(3, 'Layouts'),
(4, 'Content'),
(7, 'Displays'),
(8, 'Users and Groups'),
(9, 'Reports'),
(10, 'License and Settings'),
(11, 'Updates'),
(12, 'Templates'),
(13, 'Web Services'),
(14, 'DataSets');

INSERT INTO `pages` (`pageID`, `name`, `pagegroupID`) VALUES
(1, 'dashboard', 2),
(2, 'schedule', 1),
(3, 'mediamanager', 2),
(5, 'layout', 3),
(7, 'content', 4),
(11, 'display', 7),
(12, 'update', 11),
(14, 'admin', 10),
(15, 'group', 8),
(16, 'log', 9),
(17, 'user', 8),
(18, 'license', 10),
(19, 'index', 2),
(24, 'module', 4),
(25, 'template', 3),
(26, 'fault', 10),
(27, 'stats', 9),
(28, 'manual', 2),
(29, 'resolution', 12),
(30, 'help', 2),
(31, 'clock', 2),
(32, 'displaygroup', 7),
(33, 'oauth', 13),
(34, 'help', 2),
(35, 'clock', 2),
(36, 'dataset', 14),
(37, 'campaign', 3),
(38, 'transition', 4),
(39, 'timeline', 3),
(40, 'sessions', 9),
(41, 'preview', 3),
(42, 'statusdashboard', 2);

INSERT INTO `menuitem` (`MenuItemID`, `MenuID`, `PageID`, `Args`, `Text`, `Class`, `Img`, `Sequence`, `External`) VALUES
(1, 1, 2, NULL, 'Schedule', NULL, NULL, 1, 0),
(2, 1, 5, NULL, 'Design', NULL, NULL, 2, 0),
(3, 1, 7, NULL, 'Library', NULL, NULL, 3, 0),
(4, 1, 17, NULL, 'Administration', NULL, NULL, 5, 0),
(7, 7, 11, NULL, 'Displays', NULL, NULL, 1, 0),
(8, 8, 15, NULL, 'User Groups', NULL, NULL, 2, 0),
(9, 8, 17, NULL, 'Users', NULL, NULL, 1, 0),
(10, 9, 16, NULL, 'Log', NULL, NULL, 1, 0),
(11, 9, 18, NULL, 'About', NULL, NULL, 4, 0),
(12, 9, 40, NULL, 'Sessions', NULL, NULL, 2, 0),
(13, 8, 14, NULL, 'Settings', NULL, NULL, 3, 0),
(14, 2, 2, 'sp=month', 'Schedule', 'schedule_button', 'dashboard/scheduleview.png', 1, 0),
(15, 2, 5, NULL, 'Layouts', 'playlist_button', 'dashboard/presentations.png', 2, 0),
(16, 2, 7, NULL, 'Library', 'content_button', 'dashboard/content.png', 3, 0),
(17, 2, 25, NULL, 'Templates', 'layout_button', 'dashboard/layouts.png', 4, 0),
(18, 2, 17, NULL, 'Users', 'user_button', 'dashboard/users.png', 5, 0),
(19, 2, 14, NULL, 'Settings', 'settings_button', 'dashboard/settings.png', 6, 0),
(20, 2, 18, NULL, 'About', 'license_button', 'dashboard/license.png', 7, 0),
(22, 9, 26, NULL, 'Report Fault', NULL, NULL, 3, 0),
(23, 7, 27, NULL, 'Statistics', NULL, NULL, 3, 0),
(24, 2, 28, 'manual/index.php', 'Manual', 'help_button', 'dashboard/help.png', 10, 1),
(25, 6, 29, NULL, 'Resolutions', NULL, NULL, 4, 0),
(26, 6, 25, NULL, 'Templates', NULL, NULL, 3, 0),
(27, 7, 32, NULL, 'Display Groups', NULL, NULL, 2, 0),
(28, 8, 33, NULL, 'Applications', NULL, NULL, 4, 0),
(29, 5, 36, NULL, 'DataSets', NULL, NULL, 2, 0),
(30, 5, 7, NULL, 'Media', NULL, NULL, 1, 0),
(33, 6, 5, NULL, 'Layouts', NULL, NULL, 2, 0),
(34, 1, 11, NULL, 'Displays', NULL, NULL, 4, 0),
(35, 1, 16, NULL, 'Advanced', NULL, NULL, 6, 0),
(36, 8, 24, NULL, 'Modules', NULL, NULL, 5, 0),
(37, 6, 37, NULL, 'Campaigns', NULL, NULL, 1, 0),
(38, 8, 38, NULL, 'Transitions', NULL, NULL, 6, 0),
(39, 9, 30, NULL, 'Help Links', NULL, NULL, 6, 0);


INSERT INTO `resolution` (`resolutionID`, `resolution`, `width`, `height`, `intended_width`, `intended_height`) VALUES
(1, '4:3 Monitor', 800, 600, 1024, 768),
(2, '3:2 Tv', 720, 480, 1440, 960),
(3, '16:10 Widescreen Mon', 800, 500, 1680, 1050),
(4, '16:9 HD Widescreen', 800, 450, 1920, 1080),
(5, '3:4 Monitor', 600, 800, 768, 1024),
(6, '2:3 Tv', 480, 720, 960, 1440),
(7, '10:16 Widescreen', 500, 800, 1050, 1680),
(8, '9:16 HD Widescreen', 450, 800, 1080, 1920);

INSERT INTO `setting` (`settingid`, `setting`, `value`, `type`, `helptext`, `options`, `cat`, `userChange`) VALUES
(1, 'MEDIA_DEFAULT', 'private', 'dropdown', 'Media will be created with these settings. If public everyone will be able to view and use this media.', 'private|public', 'default', 1),
(2, 'LAYOUT_DEFAULT', 'private', 'dropdown', 'New layouts will be created with these settings. If public everyone will be able to view and use this layout.', 'private|public', 'default', 1),
(3, 'defaultUsertype', 'user', 'dropdown', 'Sets the default user type selected when creating a user.\r\n<br />\r\nWe recommend that this is set to "User"', 'User|Group Admin|Super Admin', 'default', 1),
(5, 'debug', 'Off', 'dropdown', 'Sets whether debug information is recorded when an error occurs.\r\n<br />\r\nThis should be set to "off" to ensure smaller log sizes', 'On|Off', 'error', 1),
(7, 'userModule', 'module_user_general.php', 'dirselect', 'This sets which user authentication module is currently being used.', NULL, 'user', 0),
(10, 'adminMessage', '', 'text', 'Sets the admin message to be displayed on the client page at all times', NULL, 'general', 0),
(11, 'defaultTimezone', 'UTC', 'timezone', 'Set the default timezone for the application', 'Europe/London', 'default', 1),
(18, 'mail_to', 'admin@yoursite.com', 'text', 'Errors will be mailed here', NULL, 'maintenance', 1),
(19, 'mail_from', 'mail@yoursite.com', 'text', 'Mail will be sent from this address', NULL, 'maintenance', 1),
(20, 'BASE_URL', 'http://localhost/xibo/', 'text', 'This is the fully qualified URI of the site. e.g http://www.xibo.co.uk/', NULL, 'general', 0),
(23, 'jpg_length', '10', 'text', 'Default length for JPG files (in seconds)', NULL, 'content', 1),
(24, 'ppt_width', '1024', 'text', 'Default length for PPT files', NULL, 'content', 0),
(25, 'ppt_height', '768', 'text', 'Default height for PPT files', NULL, 'content', 0),
(26, 'ppt_length', '120', 'text', 'Default length for PPT files (in seconds)', NULL, 'content', 1),
(29, 'swf_length', '60', 'text', 'Default length for SWF files', NULL, 'content', 1),
(30, 'audit', 'Off', 'dropdown', 'Turn on the auditing information. Warning this will quickly fill up the log', 'On|Off', 'error', 1),
(33, 'LIBRARY_LOCATION', 'C:\\Users\\dan\\Documents\\Xibo\\release140/', 'text', NULL, NULL, 'path', 1),
(34, 'SERVER_KEY', 'xsm', 'text', NULL, NULL, 'general', 1),
(35, 'HELP_BASE', 'http://www.xibo.org.uk/manual/', 'text', NULL, NULL, 'path', 0),
(36, 'PHONE_HOME', 'Off', 'dropdown', 'Should the server send anonymous statistics back to the Xibo project?', 'On|Off', 'general', 1),
(37, 'PHONE_HOME_KEY', 'b904d63cc837b2af0b033bfcd781f364', 'text', 'Key used to distinguish each Xibo instance. This is generated randomly based on the time you first installed Xibo, and is completely untraceable.', NULL, 'general', 0),
(38, 'PHONE_HOME_URL', 'http://www.xibo.org.uk/stats/track.php', 'text', 'The URL to connect to to PHONE_HOME (if enabled)', NULL, 'path', 0),
(39, 'PHONE_HOME_DATE', '0', 'text', 'The last time we PHONED_HOME in seconds since the epoch', NULL, 'general', 0),
(40, 'SERVER_MODE', 'Production', 'dropdown', 'This should only be set if you want to display the maximum allowed error messaging through the user interface. <br /> Useful for capturing critical php errors and environment issues.', 'Production|Test', 'error', 1),
(41, 'MAINTENANCE_ENABLED', 'Off', 'dropdown', 'Allow the maintenance script to run if it is called?', 'Protected|On|Off', 'maintenance', 1),
(42, 'MAINTENANCE_EMAIL_ALERTS', 'On', 'dropdown', 'Global switch for email alerts to be sent', 'On|Off', 'maintenance', 1),
(43, 'MAINTENANCE_KEY', 'changeme', 'text', 'String appended to the maintenance script to prevent malicious calls to the script.', NULL, 'maintenance', 1),
(44, 'MAINTENANCE_LOG_MAXAGE', '30', 'text', 'Maximum age for log entries. Set to 0 to keep logs indefinitely.', NULL, 'maintenance', 1),
(45, 'MAINTENANCE_STAT_MAXAGE', '30', 'text', 'Maximum age for statistics entries. Set to 0 to keep statistics indefinitely.', NULL, 'maintenance', 1),
(46, 'MAINTENANCE_ALERT_TOUT', '12', 'text', 'How long in minutes after the last time a client connects should we send an alert? Can be overridden on a per client basis.', NULL, 'maintenance', 1),
(47, 'SHOW_DISPLAY_AS_VNCLINK', '', 'text', 'Turn the display name in display management into a VNC link using the IP address last collected. The %s is replaced with the IP address. Leave blank to disable.', NULL, 'general', 1),
(48, 'SHOW_DISPLAY_AS_VNC_TGT', '_top', 'text', 'If the display name is shown as a link in display management, what target should the link have? Set _top to open the link in the same window or _blank to open in a new window.', NULL, 'general', 1),
(49, 'MAINTENANCE_ALWAYS_ALERT', 'Off', 'dropdown', 'Should Xibo send an email if a display is in an error state every time the maintenance script runs?', 'On|Off', 'maintenance', 1),
(50, 'SCHEDULE_LOOKAHEAD', 'On', 'dropdown', 'Should Xibo send future schedule information to clients?', 'On|Off', 'general', 0),
(51, 'REQUIRED_FILES_LOOKAHEAD', '172800', 'text', 'How many seconds in to the future should the calls to RequiredFiles look?', NULL, 'general', 1),
(52, 'REGION_OPTIONS_COLOURING', 'Media Colouring', 'dropdown', NULL, 'Media Colouring|Permissions Colouring', 'permissions', 1),
(53, 'LAYOUT_COPY_MEDIA_CHECKB', 'Unchecked', 'dropdown', 'Default the checkbox for making duplicates of media when copying layouts', 'Checked|Unchecked', 'default', 1),
(54, 'MAX_LICENSED_DISPLAYS', '0', 'text', 'The maximum number of licensed clients for this server installation. 0 = unlimited', NULL, 'general', 0),
(55, 'LIBRARY_MEDIA_UPDATEINALL_CHECKB', 'Unchecked', 'dropdown', 'Default the checkbox for updating media on all layouts when editing in the library', 'Checked|Unchecked', 'default', 1),
(56, 'USER_PASSWORD_POLICY', '', 'text', 'Regular Expression for password complexity, leave blank for no policy.', '', 'permissions', 1),
(57, 'USER_PASSWORD_ERROR', '', 'text', 'A text description of this password policy. Will be show to users when their password does not meet the required policy', '', 'permissions', 1),
(58, 'MODULE_CONFIG_LOCKED_CHECKB', 'Unchecked', 'dropdown', 'Is the module config locked? Useful for Service providers.', 'Checked|Unchecked', 'general', 0),
(59, 'LIBRARY_SIZE_LIMIT_KB', '0', 'text', 'The Limit for the Library Size in KB', NULL, 'content', 0),
(60, 'MONTHLY_XMDS_TRANSFER_LIMIT_KB', '0', 'text', 'XMDS Transfer Limit in KB/month', NULL, 'general', 0),
(61, 'DEFAULT_LANGUAGE', 'en_GB', 'text', 'The default language to use', NULL, 'general', 1),
(62, 'TRANSITION_CONFIG_LOCKED_CHECKB', 'Unchecked', 'dropdown', 'Is the Transition config locked?', 'Checked|Unchecked', 'general', 0),
(63, 'GLOBAL_THEME_NAME', 'default', 'text', 'The Theme to apply to all pages by default', NULL, 'general', 1),
(64, 'DEFAULT_LAT', '51.504', 'text', 'The Latitude to apply for any Geo aware Previews', NULL, 'general', 1),
(65, 'DEFAULT_LONG', '-0.104', 'text', 'The Longitude to apply for any Geo aware Previews', NULL, 'general', 1),
(66, 'SCHEDULE_WITH_VIEW_PERMISSION', 'No', 'dropdown', 'Should users with View permissions on displays be allowed to schedule to them?', 'Yes|No', 'permissions', '1'),
(67, 'SETTING_IMPORT_ENABLED', 'Off', 'dropdown', NULL , 'On|Off', 'general', '0'), 
(68, 'SETTING_LIBRARY_TIDY_ENABLED', 'Off', 'dropdown', NULL , 'On|Off', 'general', '0'),
(69, 'SENDFILE_MODE', 'Off', 'dropdown', 'When a user downloads a file from the library or previews a layout, should we attempt to use Apache X-Sendfile, Nginx X-Accel, or PHP (Off) to return the file from the library?', 'Off|Apache|Nginx', 'general', '1'),
(70, 'EMBEDDED_STATUS_WIDGET', '', 'text', 'HTML to embed in an iframe on the Status Dashboard' , NULL, 'general', '0'),
(71, 'PROXY_HOST', '', 'text', 'The Proxy URL' , NULL, 'general', '1'),
(72, 'PROXY_PORT', '', 'text', 'The Proxy Port' , NULL, 'general', '1'),
(73, 'PROXY_AUTH', '', 'text', 'The Authentication information for this proxy. username:password' , NULL, 'general', '1');

INSERT INTO `usertype` (`usertypeid`, `usertype`) VALUES
(1, 'Super Admin'),
(2, 'Group Admin'),
(3, 'User');

INSERT INTO `user` (`UserID`, `usertypeid`, `UserName`, `UserPassword`, `loggedin`, `lastaccessed`, `email`, `homepage`, `Retired`) VALUES
(1, 1, 'xibo_admin', '21232f297a57a5a743894a0e4a801fc3', 1, '2013-02-02 15:07:29', 'info@xibo.org.uk', 'statusdashboard', 0);

INSERT INTO `template` (`templateID`, `template`, `xml`, `userID`, `createdDT`, `modifiedDT`, `description`, `tags`, `thumbnail`, `isSystem`, `retired`) VALUES
(1, 'Full Screen 16:9', '<?xml version="1.0"?>\n<layout schemaVersion="1" width="800" height="450" bgcolor="#000000"><region id="47ff29524ce1b" width="800" height="450" top="0" left="0"/></layout>\n', 1, '2008-01-01 01:00:00', '2008-01-01 01:00:00', '', 'fullscreen', NULL, 1, 0),
(2, 'Full Screen 16:10', '<?xml version="1.0"?>\n<layout schemaVersion="1" width="800" height="500" bgcolor="#000000"><region id="47ff29524ce1b" width="800" height="500" top="0" left="0"/></layout>\n', 1, '2008-01-01 01:00:00', '2008-01-01 01:00:00', '', 'fullscreen', NULL, 1, 0),
(3, 'Full Screen 4:3', '<?xml version="1.0"?>\n<layout schemaVersion="1" width="800" height="600" bgcolor="#000000"><region id="47ff29524ce1b" width="800" height="600" top="0" left="0"/></layout>\n', 1, '2008-01-01 01:00:00', '2008-01-01 01:00:00', '', 'fullscreen', NULL, 1, 0),
(4, 'Full Screen 3:2', '<?xml version="1.0"?>\n<layout schemaVersion="1" width="720" height="480" bgcolor="#000000"><region id="47ff29524ce1b" width="720" height="480" top="0" left="0"/></layout>\n', 1, '2008-01-01 01:00:00', '2008-01-01 01:00:00', '', 'fullscreen', NULL, 1, 0),
(5, 'Portrait - 10:16', '<?xml version="1.0"?>\n<layout width="500" height="800" bgcolor="#000000" background="" schemaVersion="1"><region id="47ff2f524ae1b" width="500" height="800" top="0" left="0"/></layout>\n', 1, '2008-01-01 01:00:00', '2008-01-01 01:00:00', '', '', NULL, 1, 0),
(6, 'Portrait - 9:16', '<?xml version="1.0"?>\n<layout width="450" height="800" bgcolor="#000000" background="" schemaVersion="1"><region id="47ff2f524be1b" width="450" height="800" top="0" left="0"/></layout>\n', 1, '2008-01-01 01:00:00', '2008-01-01 01:00:00', '', '', NULL, 1, 0),
(7, 'Portrait - 3:4', '<?xml version="1.0"?>\n<layout width="600" height="800" bgcolor="#000000" background="" schemaVersion="1"><region id="47ff2f524ce1b" width="600" height="800" top="0" left="0"/></layout>\n', 1, '2008-01-01 01:00:00', '2008-01-01 01:00:00', '', '', NULL, 1, 0),
(8, 'Portrait - 2:3', '<?xml version="1.0"?>\n<layout width="480" height="720" bgcolor="#000000" background="" schemaVersion="1"><region id="47ff2f524de1b" width="480" height="720" top="0" left="0"/></layout>\n', 1, '2008-01-01 01:00:00', '2008-01-01 01:00:00', '', '', NULL, 1, 0);

INSERT INTO `layout` (`layoutID`, `layout`, `xml`, `userID`, `createdDT`, `modifiedDT`, `description`, `tags`, `templateID`, `retired`, `duration`, `background`) VALUES
(4, 'Default Layout', '<?xml version="1.0"?><layout schemaVersion="1" width="800" height="450" bgcolor="#000000"><region id="47ff29524ce1b" width="800" height="401" top="0" left="0" userId="1"><media id="522caef6e13cb6c9fe5fac15dde59ef7" type="text" duration="15" lkid="" userId="1" schemaVersion="1">
                            <options><xmds>1</xmds><direction>none</direction><scrollSpeed>2</scrollSpeed><fitText>0</fitText></options>
                            <raw><text><![CDATA[<p style="text-align: center;"><strong><span style="font-family:arial,helvetica,sans-serif;"><span style="font-size:72px;"><span style="color:#FFFFFF;">Welcome to&nbsp;<br />
Xibo</span></span></span></strong></p>

<p style="text-align: center;"><span style="font-size:48px;"><span style="font-family:arial,helvetica,sans-serif;"><span style="color:#FFFFFF;">Open Source Digital Signage</span></span></span></p>

<p style="text-align: center;"><span style="color:#D3D3D3;"><span style="font-size:26px;"><span style="font-family:arial,helvetica,sans-serif;">This is the default layout - please feel free to change it whenever you like.</span></span></span></p>
]]></text></raw>
                    </media></region><region id="53654d56726e0" userId="1" width="194" height="48" top="402" left="609"><media id="11846d5d9f686fb75fc9dad0b19ca9de" type="text" duration="10" lkid="" userId="1" schemaVersion="1">
                            <options><xmds>1</xmds><direction>none</direction><scrollSpeed>2</scrollSpeed><fitText>0</fitText></options>
                            <raw><text><![CDATA[<p style="text-align: right;"><span style="font-size:24px;"><span style="font-family:arial,helvetica,sans-serif;"><span style="color:#D3D3D3;">[Clock]</span></span></span></p>
]]></text></raw>
                    </media></region></layout>', 1, '2013-02-02 14:30:40', '2013-02-02 14:30:40', NULL, NULL, NULL, 0, 0, NULL);

INSERT INTO `campaign` (`CampaignID`, `Campaign`, `IsLayoutSpecific`, `UserID`) VALUES
(1, 'Default Layout', 1, 1);

INSERT INTO `lkcampaignlayout` (`LkCampaignLayoutID`, `CampaignID`, `LayoutID`, `DisplayOrder`) VALUES
(1, 1, 4, 1);

INSERT INTO `lkmenuitemgroup` (`LkMenuItemGroupID`, `GroupID`, `MenuItemID`) VALUES
(1, 1, 33),
(2, 1, 14),
(3, 1, 15),
(4, 1, 16),
(5, 1, 20),
(6, 1, 24),
(7, 1, 1),
(8, 1, 2),
(9, 1, 3),
(10, 1, 29),
(11, 1, 30),
(12, 1, 26);

INSERT INTO `lkpagegroup` (`lkpagegroupID`, `pageID`, `groupID`) VALUES
(1, 2, 1),
(2, 1, 1),
(3, 3, 1),
(4, 19, 1),
(5, 5, 1),
(6, 7, 1),
(7, 24, 1),
(8, 39, 1),
(9, 41, 1),
(10, 42, 1);

INSERT INTO `lktemplategroup` (`LkTemplateGroupID`, `TemplateID`, `GroupID`, `View`, `Edit`, `Del`) VALUES
(1, 1, 2, 1, 0, 0),
(2, 2, 2, 1, 0, 0),
(3, 3, 2, 1, 0, 0),
(4, 4, 2, 1, 0, 0),
(5, 5, 2, 1, 0, 0),
(6, 6, 2, 1, 0, 0),
(7, 7, 2, 1, 0, 0),
(8, 8, 2, 1, 0, 0);

INSERT INTO `lkusergroup` (`LkUserGroupID`, `GroupID`, `UserID`) VALUES
(10, 3, 1);

INSERT INTO `transition` (`TransitionID`, `Transition`, `Code`, `HasDuration`, `HasDirection`, `AvailableAsIn`, `AvailableAsOut`) VALUES
(1, 'Fade In', 'fadeIn', 1, 0, 0, 0),
(2, 'Fade Out', 'fadeOut', 1, 0, 0, 0),
(3, 'Fly', 'fly', 1, 1, 0, 0);

INSERT INTO `datatype` (`DataTypeID`, `DataType`) VALUES
(1, 'String'),
(2, 'Number'),
(3, 'Date');

INSERT INTO `datasetcolumntype` (`DataSetColumnTypeID`, `DataSetColumnType`) VALUES
(1, 'Value'),
(2, 'Formula');
